key,count
Veterans,5276
Young People,4101
Social Isolation,520
Domestic Abuse,231
Heroes Return,3192
World War,3113
Sport England,3110
Pavilion/Clubhouse,438
Mental Health,367
France,1452
Local Community,1113
London,802
Tyne,766
Uk,523
Northumberland,476
Durham,458
Cricket,457
Local People,448
Village Hall,447
Italy,446
Inspired Facilities,440
Cumbria,421
Sport,416
Salary Costs,392
Holland,388
New Skills,344
Transport,305
Neighbourhoods,298
Mental Health Issues,291
Social Activities,291
Newcastle,285
Community Groups,282
Africa,273
Hiv,267
Dna,266
Changing Rooms,261
Tees,261
Training,259
Physical Activity,253
Scotland,250
Manchester,249
Refurbishment,247
Birmingham,246
Edinburgh,236
Flood Relief,231
Physical Activities,230
Asylum Seekers,227
Local Area,219
Community Cohesion,219
Kent,219
Sailing,217
Care,208
Life Skills,203
England,200
Lottery,196
Community,196
Glasgow,195
New Equipment,194
Mental Health Problems,193
Essex,193
Domestic Violence,190
Bristol,188
Rugby,186
Community Centre,184
Wales,182
Sussex,182
School Grounds,182
Social Skills,180
Christmas,179
Multi Facility,176
Primary,176
Local Residents,176
Grass Pitch,175
Association Football,175
Young Children,173
Widow,170
Yorkshire,169
Enable Beneficiaries,168
Anti-Social Behaviour,167
Youth Club,164
Bus,162
Community Association,161
Floodlights,159
Art,159
Local Schools,158
Yachting,158
Capacity Building Project,157
Support Services,155
Veterans,152
Learning,151
Operator Grants,147
London Borough,146
Liverpool,145
Support People,144
Devon,143
Surrey,139
Recreational Activities,139
Community Activities,139
Communication Skills,137
Feasibility Study,136
Tyneside,136
New Group,136
High School,135
WW2,135
Table Tennis,134
Local Children,133
Special Needs,132
Community Garden,129
Leeds,129
Spaces,128
Scout,124
Vulnerable People,124
Year Olds,122
Community Events,122
Modernisation Department,121
Coaching,121
Fun,121
Informal Recreation,121
Young Carers,118
Homeless People,118
Cornwall,118
Oxford,118
Primary Spaces Funding,117
Primary Spaces,117
Carers,117
High Sheriff,117
Support Worker,116
Rowing,116
Wolfson,115
Sunderland,115
India,115
Fitness,113
Sheffield,113
Sportsmatch,113
Running,113
Dance,112
Disabled,112
History,111
Physical Health,111
Bowls,110
Families,109
Primary School,109
Community Users,108
Cambridge,108
Community Building,107
Employment Opportunities,105
Whole Community,105
Mental,105
Improving,105
Outdoor Activities,105
Nottingham,104
School Hours,104
High Sheriff Award,104
Cheshire,103
Sport Participation,103
Belfast,102
Community Hall,101
Young Adults,100
Safe Environment,100
Hampshire,100
Wellbeing,100
Young Women,99
Ict,99
Skills,99
Local Community Groups,98
School Club,97
Toilet Facilities,97
Ireland,97
Boxing,96
Somerset,96
Lancashire,96
Leicester,94
Local Young People,94
Day Trips,94
Storage,93
Norfolk,93
Mind,93
Residents,93
Lgbt,92
Community Use,92
Antisocial Behaviour,92
Normandy,92
Outdoor Play Area,92
Co-Ordinator,92
Cardiff,91
Kenya,91
World War Veterans,91
Egypt,90
Healthy,90
Cycling,89
Medicine,89
Midlands,88
Awards,88
Summer Playscheme,86
School Children,86
Community Engagement,86
Tb,86
Swimming,84
Bradford,83
Hospice,83
Britain,83
Neet,83
Rural Area,82
Additional Needs,82
Gene Expression,82
Sector Grants,81
Somali,81
Drosophila,81
Protecting Playing,80
Elderly People,80
Healthier Lifestyles,80
Address Issues,80
Vulnerable Young People,80
Repair/Defence,80
Volunteers,79
Dorset,79
Local Groups,78
Brighton,78
Theatre Company,77
Complex Needs,76
Pre-School Children,76
Practical Support,76
Suffolk,76
Social Interaction,76
Singapore,75
Gloucestershire,75
Public Health,75
Special Educational Needs,75
Swansea,75
Gymnastics,74
Training Courses,74
Community Organisation,73
Lincolnshire,72
Project Funding,72
Peer Support,72
Opportunities,72
Different Cultures,71
Key Goals,71
Substance Misuse,71
Ca2+,70
Life Chances,70
Germany,69
Community Hub,69
Counselling,68
Football Club,68
County Council,68
Transport Costs,68
Social Events,68
Sport Makers,68
Hull,68
Social Inclusion,67
Derbyshire,67
Girls,67
Sexual Violence,67
Biomedical Vacation Scholarship,67
Sexual Abuse,67
Local Communities,67
Special School,66
Community Facility,66
Wolverhampton,65
Uganda,65
Home-Start,65
Southampton,65
Middlesbrough,65
Walsall,65
Personal Development,65
Schools,65
Kitchen,64
Duke,64
Hackney,64
Long Term,64
Wiltshire,64
Computer Equipment,64
Voluntary,64
Phd,64
Lawn Tennis,64
Rural Community,63
Provide,63
Physical Disabilities,63
Group Aims,63
Canoeing,62
Project Co-Ordinator,62
Community Development,62
Coventry,62
Improvement,62
Support Service,62
Social Enterprise,61
Voluntary Organisations,61
Fit,60
School Holidays,60
Netball,60
Fund Programme Grant,60
Disability,60
Primary Schools,60
Train Volunteers,59
School Clubs,59
Social Behaviour,59
School Activities,59
Europe,59
Investigating,58
Family Relationships,58
Creative Activities,58
Lambeth,58
Year Grant,58
Travel Expenses,58
Support Children,58
Project Worker,58
Communities,58
Improvements,58
Capacity Building,57
Local Authorities,57
Royal Society Research Merit,57
Tower Hamlets,57
Social Exclusion,57
Volleyball,57
Autism,57
Hartlepool,56
Forum,56
Community Event,56
Charity,56
Healthy Lifestyle,56
Learning Disabilities,56
Development Manager,56
Swimming Pool,56
Dundee,55
Sports Equipment,55
Resource Centre,55
Emotional Support,55
Outdoor Area,55
Children,54
Enable Young People,54
Outdoor Play,54
Educational Field Trip,54
Healthy Lifestyles,54
Rural Areas,54
Determine,54
Social Club,53
Staffordshire,53
Sandwell,53
Hope,53
Burma,53
Refugee,53
Plymouth,53
Summer Play Scheme,53
Office Equipment,53
Digital,53
Learning Difficulties,53
Voluntary Sector Grant,53
Community Members,52
Self Confidence,52
Church Hall,52
Educational Activities,52
60Th Anniversary,52
Nature,51
General Public,51
New Opportunities,51
Development Officer,51
Safety,51
Support Network,51
Educational Attainment,51
Learning Disability,51
Merit Award,50
Nhs,50
Black,50
Swindon,50
Bridge,50
Taster Sessions,50
Local Families,50
Work Experience,50
Scouts,50
Business Plan,50
Outdoor Play Equipment,50
Community Cafe,49
Darlington,49
Poor Mental Health,49
Merseyside,49
Social Media,49
Volunteer Co-Ordinator,49
Low Incomes,49
Community Trust,49
Additional Support,49
Alzheimer,49
Employment Prospects,48
Therapy,48
Blackpool,48
Islington,48
Outreach,48
Sensory Garden,47
Parish,47
Junior School,47
Dementia,47
Holiday Activities,47
Family Members,47
Outdoor Recreation,47
Kitchen Facilities,47
Community Facilities,46
Activation,46
Men,46
Belgium,46
Activity Centre,46
Sports Activities,46
Residential Trip,46
Employability Skills,46
Install Play Equipment,46
Social Disadvantage,46
Norwich,46
School Pupils,46
Mental Illness,46
Plasmodium,45
Indoor,45
Secondary Schools,45
Outdoor Space,45
Archery,45
Salford,45
Development Trust,45
Leisure Activities,45
Hockey,45
Exercise,45
Oxfordshire,45
Molecular,45
Asset,45
Childhood Obesity,44
Carmarthenshire,44
Support Groups,44
Vulnerable Children,44
School,44
Asia,44
Nursery,44
Learning Opportunities,44
Making,44
Towards Purchase,44
Employment,44
Support Group,44
Install Outdoor Play Equipment,44
School Community,44
Derby,43
Youth Justice System,43
Youth Project,43
World War Widow,43
Training Programme,43
Publicity Materials,43
Holiday,43
Reading,43
Sport Activation,43
Youth Work,43
Stem,42
Various Activities,42
Diversionary Activities,42
New Play Equipment,42
Leisure,42
Multi-Use Games Area,42
Courts,42
Entrance Fees,42
Car Park,41
Parish Council,41
Social Cohesion,41
T-Cells,41
Cell Biology,41
Portsmouth,41
Local Environment,41
Caribbean,41
Public Engagement,41
Day Centre,41
Leicestershire,41
Research Project,41
Health Inequalities,41
Rotherhithe,41
Bangladeshi,41
Social Opportunities,41
Forest School,41
Kids,40
Local Primary Schools,40
Emergency Flood Relief,40
School Users,40
Volunteering,40
Csp Funding,40
Community Business,40
Teesside,40
Social Investment,40
Healthier Lifestyle,40
Social Development,40
Southwark,39
Carlisle,39
Club Development,39
Memorial Hall,39
Trinity,39
Community Life,39
Playground,39
New Kitchen,39
Physical Activity Sessions,39
Social Action,39
Vulnerable Adults,39
Preston,38
Female Rape Support,38
Young Parents,38
Satellite,38
Support Families,38
Donation,38
Fitness Activities,38
American Football,38
Health Issues,38
Young Offenders,38
Pavilion,38
Youth Justice Services,38
Shropshire,38
Greenwich,38
Wildlife,37
Court Sports Hall,37
Independent Living,37
Molecular Basis,37
Blind,37
Sri Lanka,37
Lewisham,37
Community Spirit,37
Worcestershire,37
Heart,37
Animal Models,37
Administration Costs,36
Luncheon Club,36
Bowling,36
Rotherham,36
Bournemouth,36
Physical Development,36
Solihull,36
Sport Funding,36
Heroes Return Project,36
Celebrating,36
Association Football Project,35
Aberdeen,35
Judo,35
Summer Holidays,35
Humanities,35
Refugees,35
Camden,35
Street Party,35
Participation,35
Youth Group,35
Open Access,35
Community Organisations,35
Chester,35
Rural Isolation,35
New Volunteers,35
Bolton,35
Local Services,35
Film,35
Ayrshire,35
Eden,35
Talbot,35
Wrexham,35
Fife,35
Newham,34
Warrington,34
Live,34
Group 'S,34
Specialist,34
Currently,34
Hertfordshire,34
Skills Training,34
Redcar,34
Cultural Activities,34
Sport Makers Funding,34
Positive Social Activities,34
Berkshire,34
Laptop Computer,34
Emergency Flood Relief Funding,34
Outdoor Learning,34
Inclusion,34
Colchester,34
Scout Group,34
Development Grant,34
Zimbabwe,33
Separated Parent Information Programme,33
Local Organisations,33
Coordinator,33
Community Festival,33
Trafford,33
Nottinghamshire,33
Malawi,33
Gwynedd,33
Fund Transport Costs,33
Supported Contact Delivery,33
City Council,33
Medical Research,33
Hiv/Aids,33
Own Homes,33
Vulnerable Women,33
Programme Funding,33
Community School,33
Fund Transport,33
Bringing,32
Sound System,32
Child,32
Artificial Grass Pitch,32
Community Participation,32
Youth Development,32
School Playground,32
Elderly,32
Oldham,32
Arts Activities,32
Southend,32
Fitness Facility,32
Clinical Phd Programme,32
Fitness Suite,32
African,32
Primary School Children,32
Community Space,31
Wide Variety,31
Biomedical Science,31
Publicity Costs,31
Two-Night Trip,31
Low Income Families,31
Hove,31
Drama Workshops,31
Increase Confidence,31
Physical Activity Levels,31
Open Access Award,31
Stoke,31
Access Support,31
High Levels,31
Cultural,31
St Paul,31
Hcv,31
Community Project,30
Community Consultation,30
Human Health,30
Open Day,30
Youth Clubs,30
Health Problems,30
Peckham,30
Voluntary Organisation,30
Sexual Exploitation,30
America,30
Partner Schools,30
Ngb Governance Support,30
Music Workshops,30
Tenant,30
Sports Hall,30
Mobility Issues,30
Dulwich,30
Neath,30
Musical Instruments,30
Computer,30
Genetic,29
Policy,29
Stockton,29
Inclusive Sport,29
Labour Market,29
Promotional Materials,29
Empowerment,29
Doncaster,29
Local History,29
Toddler Group,29
Fitness Sessions,29
Equestrian,29
Language Skills,29
Impact,29
Personal Independence,29
Gloucester,29
Infection,29
Lothian,29
Martial Arts,29
Policy Makers,29
Meeting,29
Derry/Londonderry,28
Training Sessions,28
Blyth,28
Staff Training,28
Jewish Community,28
Child Sexual Abuse,28
Cadets,28
Female Genital Mutilation,28
Girl,28
Perth,28
Fitness Levels,28
Health Research,28
Waltham,28
Culture,28
Lincoln,28
Youth Justice,28
Wigan,28
One-To-One Support,28
Support Women,28
Immune System,28
Advocacy Service,28
Information Service,28
Employment Support,28
University College,28
Trips,27
Care Homes,27
Chelmsford,27
Wheelchair Users,27
Sexual Health,27
Japan,27
Ad,27
Leadership Skills,27
Community Involvement,27
Cleveland,27
Family Support,27
Extra-Curricular Activities,27
Volunteer Coordinator,27
Healthy Lifestyle Choices,27
Champions,27
Drug Resistance,27
Rural Communities,27
Internet,27
Mri,27
Squash,27
Dumfries,27
Diverse Range,27
Educational Needs,27
Haringey,27
Community Development Trust,27
Legal Advice,27
Welfare Benefits,27
Patients,27
Ethnic Communities,27
Drop-In Centre,27
Westminster,27
Herefordshire,27
Creative Workshops,27
Regulation,27
Hiv-1,27
Infectious Diseases,26
Additional Equipment,26
Charitable Trust,26
Extracurricular Activities,26
Deaf People,26
Ghana,26
Victims,26
Badminton,26
Club House,26
Gymnastics Centre,26
Royal Society,26
Youth Groups,26
Raspberry Pi,26
Outreach Programme,26
Environment,26
Cerebral Palsy,26
Community Action,26
Aid Training,26
Healthy Activities,26
Social Group,26
Safety Equipment,26
Access Services,26
Community Room,26
Fitness Equipment,26
Blackburn,26
Craft Materials,26
Charity Supports,26
Day Event,26
Group Support,26
Huddersfield,26
Brent,25
Pre-School Education,25
Enfield,25
Brownies,25
Maths,25
Lunch Club,25
Northampton,25
Training Opportunities,25
Rochdale,25
Kitchen Equipment,25
Homeless,25
Australia,25
Vulnerable Families,25
X-Ray,25
Lanarkshire,25
Emotional Health,25
Young Girls,25
Immune Responses,25
Staff Grant,25
Cell Lines,25
Safety Standards,25
Alcohol Misuse,25
Digital Projector,25
Overall Aim,25
Imperial College,25
Dj,25
Trampolining,25
Media,25
Borders,25
Access Information,25
Immune Response,25
Recreation Ground,25
Methodist Church,25
Greece,25
Digital Camera,25
Luton,25
Sight Loss,24
Community Group,24
Lunch,24
Health Professionals,24
Trent,24
Data,24
Creative Play,24
Cell Division,24
Governance Support,24
Russia,24
Minibus,24
Muslim,24
Cab,24
Saints,24
Cultural Diversity,24
Peterborough,24
Coach Education,24
Professional Artists,24
Croydon,24
Brazil,24
Newport,24
Youth Worker,24
Community Foundation,24
Health Outcomes,24
Positive Relationships,24
Molecular Mechanism,24
Transcription Factor,24
Victorian,24
Safe Space,24
Local Community Centre,24
Development Programme,24
Health Care,24
Leishmania,24
Drama,24
Confidence Building,24
Sessional Workers,23
Transferable Skills,23
Guide,23
Playing,23
Community Services,23
Wakefield,23
Multiple Sclerosis,23
Diverse Communities,23
Community Farm,23
Digital Skills,23
Physical,23
Playground Equipment,23
Clubhouse,23
Pre-School,23
Mobility Problems,23
Community Shop,23
Supportive Environment,23
Cardiovascular Disease,23
Visual Impairment,23
Local Park,23
Squash Courts,23
Chargers Placeholder,23
Health Services,23
Warwickshire,23
Education Programme,23
Support Programme,23
T-Cell,22
Skateboard,22
Polish,22
Accommodation Costs,22
Natural Environment,22
Synthetic Turf Pitch,22
Walworth,22
Nunhead,22
St Andrew,22
Stockport,22
Bromley,22
Youth Centre,22
Biomedical,22
New Minibus,22
Community College,22
Different Communities,22
Rhondda Cynon Taf,22
Social Networks,22
Lancaster,22
Ethiopia,22
Vale,22
Support Costs,22
Key Role,22
Additional Activities,22
Orthodox,22
Community Health,22
Staff Salaries,22
Burnley,22
Local Clubs,22
Therapeutic Activities,22
Coaches,22
Cycle,22
Brain Injury,21
Drug,21
Specialist Support,21
Mental Health Services,21
Clinical Practice,21
Neighbourhood Plan,21
Social Care,21
Healthy Cooking,21
Pembrokeshire,21
Skills Development,21
Voluntary Sector,21
Prevention,21
Hearing,21
Community Radio Station,21
Friendship,21
Barnet,21
Traveller,21
Project Management,21
Genetics,21
Town Hall,21
Motor Skills,21
Alnwick,21
Table Tennis Club,21
Therapy Sessions,21
Complementary Therapies,21
Mental Health Difficulties,21
Office Costs,21
Worcester,21
Usa,21
Armagh,21
St Luke,21
Creative Arts,21
Ceredigion,21
Employment Skills,21
Development Opportunities,21
Tanzania,21
Galleries Improvement,21
Criminal Justice System,21
Salmonella,21
Vocational Training,20
Hepatitis,20
Handball,20
Diverse Community,20
Strengthening,20
Access Defibrillator,20
Outdoor Equipment,20
Social Enterprises,20
Young Homeless People,20
Learning Centre,20
Salisbury,20
Creative Skills,20
Social Impact Bond,20
Start-Up,20
Elderly Residents,20
Young Volunteers,20
Employability,20
Ipswich,20
Shooting,20
Arts Project,20
Craft,20
Summer Camp,20
Behavioural Issues,20
China,20
Four-Night Trip,20
Fuel Poverty,20
Active Lifestyle,20
Dcms Wolfson Museums,20
Trypanosoma,20
Sound Equipment,20
Dagenham,20
Thames,20
St James,20
Deaf Children,20
Secondary School,20
Mouse Models,20
Roma,20
Social Support,20
Educational Opportunities,20
Training Costs,20
Church Council,20
Engagement Activities,20
Debt Advice,20
Effective Treatment,20
Diversity,20
Craft Activities,20
Safety Requirements,20
Choir,20
Cambridgeshire,20
Learning Activities,20
Literacy Skills,20
Neural Circuits,19
Music Festival,19
Child Sexual Exploitation,19
Dance Workshops,19
Senior Citizens,19
Easter,19
Disease,19
Mass Spectrometry,19
Tunisia,19
Pregnant Women,19
Disease Progression,19
Royal College,19
Plasma Membrane,19
Social Issues,19
Family Life,19
Rural Village,19
Sub Aqua,19
Commemoration,19
Autistic Spectrum,19
Poor Health,19
Bedfordshire,19
Ymca,19
Target Genes,19
Street Dance,19
Scarborough,19
Community Relations,19
Support Networks,19
Outdoor Shelter,19
Tenants,19
Financial Hardship,19
Rape,19
Gardens,19
Start-Up Costs,19
Bridging,19
Civil Society,19
Human Disease,19
Complex Issues,19
Surf,19
Tennis Club,19
Milton Keynes,19
Advice Centre,19
Victoria,19
Teens,19
New Club,19
Norway,19
Barrow,19
Medical Practice,19
Camberwell,19
Access Ramp,19
Bmx,19
Equality,19
Overall Health,19
New Community Centre,19
Medway,19
Eastbourne,19
Normandy Veterans,19
Falkirk,19
Inclusion Project,19
Drugs,19
Drug Discovery,19
Local School,19
Young Families,19
Behavioural Difficulties,19
Prisoners,19
Kingston,19
Northamptonshire,19
Stem Cells,19
General Contribution,19
Service Providers,18
Engagement Project,18
Dunbartonshire,18
County Festival,18
Club Members,18
Support Individuals,18
Social Activity,18
Buckinghamshire,18
Pakistani,18
Mud Kitchen,18
Cultural Heritage,18
Inland/Inshore Rescue Boat,18
Charitable Purpose,18
New Village Hall,18
Training Equipment,18
Educational Trips,18
Sign Language,18
Bury,18
Gang Culture,18
Chemistry,18
African Community,18
Defining,18
Zika,18
Install Outdoor Gym Equipment,18
Stretford,18
Black Minority,18
Camping,18
Tai Chi,18
Holiday Club,18
Sefton,18
Wellbeing Project,18
Rescue Operations,18
Biomedical Research,18
Wwii,18
Disabilities,18
Active Lifestyles,18
Community Library,18
Substance Abuse,18
Storage Space,18
Argyll,18
Toddler,18
Wheelchair,18
Prefrontal Cortex,18
Extra Curricular Activities,18
Stirling,18
Insulin Resistance,18
Multi Use Games Area,18
Multi-Skill Coaching,18
Gps,18
Dance Classes,18
Grimsby,18
Shelter,18
Arabic,18
Training Workshops,18
Galloway,18
Mental Ill-Health,18
Support Rescue Boat Charities Search,18
Homework Club,18
Young Refugees,18
Intensive Support,18
New Boiler,18
Lakeland,18
Gym,18
Community Relationships,18
Holiday Clubs,18
Triathlon,18
Hastings,18
Central Nervous System,18
Outdoors,18
Outdoor Classroom,18
Abuse,18
Future Prospects,18
Social Integration,18
Denbighshire,18
New Approach,18
Harlow,18
Development Costs,18
Fitness Programme,17
Diabetes,17
Local Support Services,17
New Windows,17
Ebola,17
Production Costs,17
Green Space,17
Toddlers,17
Youth Cafe,17
Sports Clubs,17
St Joseph,17
Asylum,17
Mentoring,17
Schwann,17
Nearby Schools,17
Environmental,17
Ethics,17
Castle,17
School Day,17
Borough Bankside,17
Tennis Courts,17
Barnsley,17
Organisational Development,17
Weekly Activities,17
Avon,17
Bouncy Castle,17
Poland,17
Hounslow,17
Bat,17
Thanet,17
Equipment Costs,17
Practical Skills,17
Wheels,17
Antrim,17
Asian Women,17
Cultural Events,17
Museums,17
Colleges,17
Middlesex,17
Highways,17
Support Centre,17
Flintshire,17
Hiv-Infected,17
Engineering,17
Highlands,17
Leisure Centre,17
Stratford,17
Computer System,17
Visual Arts,17
Youth Activities,17
Refurbishment Costs,17
Community Buildings,17
Gene Therapy,17
Warwick,17
Community Visitors,17
Tregs,17
Opportunity,17
Gain Confidence,17
Furniture,17
Inverness,17
Malaria Transmission,17
Job Market,17
Consortium,17
Mainstream Education,17
Summer Activities,16
Cardiac Arrest,16
Gardening,16
Science Laboratories,16
City Farm,16
Community Resource,16
Gibraltar,16
Playground Markings,16
Arts Workshops,16
Ethnic Minority Communities,16
Neighbourhood Forums,16
Language Classes,16
Mycobacterium,16
Southport,16
Job,16
Oxford Cab Surviving Winter,16
Local Volunteers,16
Diverse Cultures,16
Breakfast,16
Social Services,16
Local Businesses,16
Blood Pressure,16
Celebration Events,16
Darwen,16
Malvern,16
New Post,16
Clinicians,16
Youth Provision,16
District Community,16
Social Welfare,16
Extra Curricular,16
Rent,16
Timing Clocks,16
Tynedale,16
Breast Cancer,16
Cadet,16
Family Support Services,16
Group Run,16
Volunteers Expenses,16
Translational Medicine,16
Music Sessions,16
Educational Programme,16
Ethical Issues,16
Weekly Workshops,16
Garden Area,16
Intergenerational Activities,16
Food Poverty,16
Different Types,16
Young Mothers,16
Refuge,16
New Website,16
Install Outdoor Fitness Equipment,16
Medical History,16
Safety Issues,16
Visceral Leishmaniasis,16
Psychiatric Disorders,16
Wandsworth,16
Diverse Backgrounds,16
Cultural Event,16
Ground,16
Everyday Life,16
Artificial Grass,16
Tutor Fees,16
Social Outings,16
Rescue,16
Local Highways Maintenance,16
Digital Inclusion,16
Healthy Relationships,16
Music Project,16
Outdoor Facilities,16
Dublin,16
Chinese Community,16
Local Authority,16
Short Film,16
Community Education,16
Towards Running,16
Heart Disease,16
Adult Carers,16
Basketball Project,16
Vsg,16
Isolation Amongst,16
Research Aims,16
Recipient,16
Intergenerational Project,16
Central Role,16
Summer School,16
Public Awareness,16
Tamworth,16
Clinical Trials,16
Kenyan,16
Outdoor Activity Centre,16
Neural Activity,16
Kitchen Refurbishment,16
Youth Workers,16
Derry,16
Outings,16
New Chairs,16
Branch,16
Woods,15
Hr,15
Formal Sport,15
Berwick,15
Football Sessions,15
Community Fun Day,15
Yoga,15
Physical Fitness,15
Current Facilities,15
Games Area,15
Foodbank,15
Galen,15
Myasthenia Gravis,15
Meeting Room,15
New Multi-Use Games Area,15
Dengue,15
Crafts Workshops,15
Breakfast Club,15
Healthy Meals,15
London Boroughs,15
Advice Services,15
Human Diseases,15
Team Building,15
Hygiene,15
New Playground Equipment,15
Anglesey,15
Dance Sessions,15
Asian Community,15
Cell Cycle,15
Cognitive Function,15
Ellesmere,15
Building Confidence,15
Orkney,15
Substance Misuse Issues,15
Rural Location,15
Yarmouth,15
Whitley,15
Epithelial Cells,15
Easington,15
Bexley,15
Canterbury,15
Group Runs,15
Special Schools,15
Website Development,15
New Outdoor Play Equipment,15
Functional Connectivity,15
Birthday,15
Tutor Costs,15
Town Centre,15
Team Work,15
Local Village Hall,15
High Deprivation,15
Newspaper,15
Scouting,15
Kensington,15
Crafts Activities,15
Community Venue,15
Recreational Facilities,15
Human Genome,15
Negative Behaviour,15
Sainsbury Wellcome Centre,15
Employment Training,15
Gypsy,15
Renfrewshire,15
Supervision Costs,15
Cell Function,15
Storage Facilities,15
New Play Area,15
Water Sports,15
Memorial Garden,15
Dover,15
Behavioural Problems,15
Display Boards,15
Torbay,15
Commissioning,15
Fitness Classes,15
Increase Access,15
Medical Professionals,15
Autistic,15
Chichester,15
Money Management,15
Learning Environment,15
Derwentside,15
Specialist Equipment,15
Dungannon,15
Sustainability,15
Cell Death,15
Deaf Community,15
Identify Genes,15
Unity,15
Sports Sessions,15
Stem Cell Biology,15
Outdoor Activity,15
Salaries,15
Furness,15
I.T,15
Training Centre,15
Hammersmith,15
French,15
Safe Play Area,15
Barrow-In-Furness,15
Kinross,15
Cataloguing,15
Workshop Costs,15
Christ,15
Community Usage,15
Outdoor Gym,14
Teesdale,14
Physical Skills,14
Social Engagement,14
Good Practice,14
Neighbours,14
Community Support,14
Community Venues,14
Guildford,14
Research Unit,14
Sainsbury Centre,14
Wildlife Garden,14
Road Safety,14
Enable Parents,14
Cultures,14
Research Programme,14
Sheds,14
Trampoline,14
Temporary Accommodation,14
Migration,14
Recruitment Costs,14
Kitchen Area,14
Dance Studio,14
Childhood Sexual Abuse,14
In-Depth Interviews,14
Flow Cytometry,14
Medical Practitioners,14
Innate Immune System,14
St Albans,14
Nuneaton,14
Digital Photography,14
Bedford,14
Afghan,14
Medical Humanities,14
Newark,14
Kirklees,14
Emotional Distress,14
Innate Immune Response,14
Safer Environment,14
Migrant Communities,14
Mini Bus,14
Community Council,14
Family Breakdown,14
Accessible Toilet,14
Church Building,14
Peer Support Groups,14
Nervous System,14
Squadron,14
Partnership Csp Funding,14
Financial Inclusion,14
Language Barriers,14
Visual Impairments,14
Outdoor Adventure,14
Winchester,14
Plant Science,14
Immune Cells,14
Neighbourhood,14
Internet Access,14
Taunton,14
Autoimmune Diseases,14
Hearts,14
Emotional Development,14
School Environment,14
Peer Support Network,14
Playground Area,14
Parade,14
Neuroscience,14
Bridges,14
Art Activities,14
All-Weather Surface,13
Thailand,13
Glamorgan,13
Sports Facilities,13
Technology College,13
Toilet Block,13
Disabled Access,13
Adventure Playground,13
Vacation Scholarships,13
Learning Programme,13
Young Persons,13
Outdoor Play Facilities,13
Telford,13
Addiction,13
Individual Needs,13
Sex,13
Poole,13
Pavilion Funding,13
Child Protection,13
Anopheles,13
Residents Association,13
Family Fun Day,13
Healthy Food,13
Nepal,13
Insurance Costs,13
Kingswood,13
Cancer Patients,13
Malawian,13
Chelsea,13
Structural Studies,13
Training Facility,13
Mediation,13
Recreation,13
New Teams,13
Sierra Leone,13
Jobs,13
Residential Weekend,13
Pancreatic Acinar Cells,13
Phoenix,13
Palliative Care,13
Skills Workshops,13
Tag Rugby,13
Education Programme Grant,13
Access Training,13
Kurdish,13
Peer Relationships,13
Office Space,13
Tackling Inactivity,13
Helpline,13
Brain Injuries,13
Village Community,13
Floodlit Multi-Use Games Area,13
Strategic Award,13
Harrogate,13
Infectious Disease,13
Severe Malaria,13
Community Integration,13
New Forest,13
Drainage,13
Alcohol Addiction,13
Cancer Cells,13
School Sessions,13
Fresh Air,13
Lone Parents,13
Parent Teacher,13
Support Work,13
Candidate Genes,13
Educational Workshops,13
Replacement Minibus,13
Conflict Resolution,13
Youth Action,13
Magic,13
Basketball Club,13
Zambia,13
Goals,13
Bute,13
Safety Regulations,13
Necessary Equipment,13
Streptococcus,13
Autistic Children,13
Vacation Scholarship,13
Alcohol Abuse,13
Canoe,13
Mountaineering,13
Outdoor Environment,13
Parochial,13
Football Activities,13
Neisseria,13
Nursery School,13
Recreational Opportunities,13
Future Sustainability,13
Highland,13
Phd Programme,13
Artist Fees,13
Gynmastics Centre,13
Art Materials,13
Aspergers,13
Church Property Scheme,12
Tech,12
Bioinformatics,12
Courses,12
Ethnic Groups,12
Bingo Machine,12
Walton,12
Slough,12
Personal Development Opportunities,12
Ethnic Community,12
Research Institute,12
Vulnerable Young Person,12
Interactive Workshops,12
Autumn,12
Job Seekers,12
Stress Management,12
Rna-Seq,12
Pre School Education,12
Pluripotent Stem Cells,12
Mentoring Project,12
Handsworth,12
Bereavement Support,12
Games Equipment,12
Towards Volunteer,12
Future Employment,12
Park Community,12
Craigavon,12
Emergency Accommodation,12
Literacy,12
African Women,12
New Hall,12
Climbing,12
Youth Services,12
Social Impact,12
Sexual Behaviour,12
Kilbride,12
Collaborative,12
Craft Workshops,12
Publicity,12
Epidemiology,12
Community Workshops,12
Boat,12
Haven,12
Fitness Project,12
Staffs,12
Community Celebration,12
Merthyr Tydfil,12
Low Income,12
Energy Efficiency,12
Genomic Medicine,12
Pluripotent Cells,12
Advisory Service,12
Midlothian,12
Clinical Research,12
Shannon,12
Bangladesh,12
Holistic Approach,12
Riverside,12
Wildlife Area,12
Executive Officer,12
Africans,12
Brandon,12
Youth Association,12
Cancer Research,12
Structural Basis,12
Epilepsy,12
Richmond,12
Community Club,12
Community Access,12
Human Rights,12
Boats,12
Emotional Resilience,12
Cedar,12
Scunthorpe,12
Strabane,12
St Nicholas,12
Cctv,12
Seeding Drug Discovery,12
Basic Digital Skills,12
Digital Media,12
Legal,12
Sainsbury,12
Board Games,12
Hong Kong,12
Innate Immunity,12
Friendly Environment,12
Table Tennis Project,12
Healthier Lifestyle Choices,12
Five-A-Side Football,12
Presentation Equipment,12
Toddler Groups,12
Homelessness,12
Minority Ethnic,12
Financial Support,12
Mali,12
Mums,12
Credit Union,12
Woodlands,12
Music Therapy,12
Fitness Training,12
Cinema,12
Community Use Building,12
Havering,12
Medical Knowledge,12
Wheelchair Access,12
Sessional Worker Fees,12
Community Issues,12
Circus Skills,11
Fund Sessional Worker Fees,11
Falciparum Malaria,11
Integrated Transport Block,11
Redbridge,11
Fulham,11
Coach Education Courses,11
Pool,11
Family Support Worker,11
Synaptic Plasticity,11
Child Health,11
Progenitor Cells,11
Domestic Violence Advisor,11
Refurbishment Project,11
Health Workers,11
Malaysia,11
Positive Role Models,11
Active Outdoor Play,11
Israel,11
Ethnic Minorities,11
Chronic Diseases,11
Therapeutic Strategies,11
Monmouthshire,11
Medical Education,11
Black History Month,11
Norton,11
Hostel,11
Wolbachia,11
Role Models,11
Blind People,11
Protein Kinase,11
Data Challenge,11
Neurological Conditions,11
Sedentary Lifestyles,11
Executive Director,11
New Therapies,11
Sport Activities,11
Storage Facility,11
Mendelian,11
Alspac,11
Job Search,11
Cooking Classes,11
Debating Matters,11
Immunology,11
Healthy Diet,11
Calderdale,11
Training Programmes,11
Human Genetics,11
Cell Growth,11
Herne,11
Housing Association,11
British Society,11
Protective Immunity,11
Flood,11
Focus Groups,11
Public Transport,11
Animal Model,11
Mansfield,11
Bedworth,11
Nigeria,11
Olympics,11
Infant,11
Church Community,11
Maidstone,11
Netherlands,11
Fission Yeast,11
Pakistan,11
Paisley,11
St Anne,11
Modern Medicine,11
Burkina Faso,11
Community Allotment,11
Bishop Auckland,11
Sudanese,11
Inverclyde,11
Town Council,11
School Association,11
Carmarthen,11
Torquay,11
New Treatments,11
Terminal Illness,11
5-A-Side Football,11
Rural Village Hall,11
Cape Town,11
Kinship Carers,11
Relocation,11
Alcohol,11
Health Systems,11
Leisure Facilities,11
Community Park,11
Gaelic,11
Technology Prize Programme Grant,11
Administrative Support,11
Social Finance,11
Employment Advice,11
Mothers,11
South Asian Community,11
Community Centres,11
Theatre Group,11
Spinal Cord,11
Kilifi,11
African Trypanosomes,11
Community Bank,11
Weather,11
Scientific Community,11
Awareness Raising,11
Cohesive Community,11
Red Blood Cells,11
General Health,11
Springfield,11
Short Films,11
Congleton,11
African Children,11
Creative Opportunities,11
Storage Units,11
Artists Fees,11
Local School Children,11
Cannock,11
Toxoplasma,11
Autoimmune Disease,11
Village/Community,11
Day Care,11
Medical Equipment,11
Moray,11
District Community Association,11
Dance Activities,11
Transcription Initiation,11
St Helens,11
Bursary,11
After-School Club,11
Health Education,11
Bbc,11
Functional Assays,11